-1.639407531252375261e+00,-3.698131362933810840e-01,1.225686512420980812e+00,1.340455093157912669e+00
-1.591270467521276044e-02,1.028042704562906334e-01,-6.335918500643641371e-01,-3.627175580671107569e-01
1.245908719414869026e+00,3.616467548430435386e-01,-6.820358765988063787e-01,8.008322261563456390e-01
7.073486506793651429e-01,7.982775376174379156e-01,1.617175412615605268e+00,-4.078541154222905391e-02
4.389714431648086279e-01,-9.085418542244020346e-01,5.773912772468801080e-01,-9.545284553808019989e-01
6.469237663943461225e-01,-1.645883114544134107e-01,-4.144259133000263717e-02,5.772092321239697954e-01
-1.257867792361268444e+00,-1.535931351434506986e+00,-2.281818991075581948e+00,-2.318531994284761810e-01
-9.440203589787204974e-01,1.791190203232190248e+00,3.166759230890964782e-01,-7.001735233364523268e-03
-1.629014439231442901e-01,1.224904402608536280e+00,-4.874658609381911645e-01,8.358464837945302206e-02
-5.190506884775160090e-01,-9.895693316834074382e-01,-1.139113258628540626e+00,6.183474744834830394e-01
1.189772487445316163e+00,3.847764813511672655e-01,1.501441687652530721e+00,-1.452155482585505863e+00
1.921239277047140925e-01,-7.448522520566956684e-02,4.889687986248564266e-01,-1.266677555565066227e+00
1.228520373760536799e+00,2.406186662159986167e-01,-1.434733053261358693e+00,-1.286144852477544009e-01
4.857680851262847765e-01,-1.249974317840435667e+00,-1.421282335199463565e-01,-7.724578538603122935e-01
5.971437554073902865e-01,-7.177728420631107609e-01,-1.106375597389263055e+00,-3.646994103172071511e-01
1.494754812012877077e+00,2.648730507436623527e-01,6.061021820865785115e-01,1.342871501782027410e+00
-2.193536074864881613e-01,-1.031213909936288031e+00,-7.696015799093262055e-01,-6.840517230752793942e-01
4.973856374095028676e-01,-1.049365338846637963e+00,5.706121344205822288e-02,-1.843056023731271198e+00
-2.340131587023624449e-01,2.824972619784520966e-01,9.649004614567958660e-01,-1.187465898413659682e+00
-7.011412538709183018e-01,8.849294532951338388e-01,1.738479770327766571e+00,1.696827837977888387e-01
-1.745372152077220518e+00,-3.945535064729966956e-01,3.944593612156527818e-01,-1.069669556287360601e+00
-7.561565000911352197e-02,5.120909388037074850e-01,8.396610394712842318e-01,1.146838576808130394e+00
2.185442569212078467e+00,-1.573042213561176572e+00,7.176652248621445684e-01,9.392371209122817310e-01
-8.157281394631449301e-02,-8.289472031214554226e-01,1.023794577796422578e+00,-2.781098024905295785e-01
2.087176185594956379e-01,1.551402243094085698e+00,-4.094326364714234723e-01,-2.831665610814164680e-01
1.123623333311817740e+00,8.332228821370455396e-01,-3.379472385720803246e-02,9.887048535659049842e-01
-1.309939690029466308e-01,1.172432778119125718e+00,4.454894723101711362e-03,3.416699744312335918e-01
-2.250069055088132208e-01,1.921674239810175489e-01,-1.930360660178272181e-01,8.225382634960139994e-01
9.236143346989943159e-02,6.746137490542393200e-01,-1.843881441407675403e+00,1.108981769889532121e+00
9.452510914603903247e-01,-1.584851550019637512e-01,-1.960086221206226720e-02,-5.124635458926672937e-01
2.728714568597751522e-01,1.142080199431648957e+00,-1.307727603090846347e-01,1.918878808630854582e+00
-5.047354869174974779e-01,-9.503070311544121740e-01,6.006820957683398632e-01,-4.950499789303812459e-02
9.107027166034029619e-01,-2.956703332679272989e-01,-1.078773954742138663e+00,-4.193958791353400439e-01
2.066846311738843867e-01,4.146377391725748485e-01,4.450709541290140958e-01,4.167921971010413174e-01
7.959738512501559615e-01,5.823544527144920019e-02,1.173408339186173377e+00,-5.765283400360979860e-01
2.211656017776747196e-01,-1.589702873900716185e+00,-1.010803855603580548e+00,-4.819835641927610603e-01
-1.979049984190992539e-01,-7.796956098340095398e-01,-2.343018250567815985e-01,2.964773529370267613e-01
3.490909088266705429e-01,2.052583413995305306e-01,-4.258602939985462466e-01,-3.320919915590297422e-01
-1.954962312304357186e-01,-7.585155264800496067e-01,-7.347038134721747271e-01,9.429891203610341055e-01
-7.334308331835893702e-01,7.323299268417362562e-01,1.760346218670787721e-01,-1.480121706978440033e-01
1.161233127147099697e+00,6.320019034356849641e-01,-6.253851839497942544e-01,5.453683447327627443e-01
-3.764292204656127794e-01,-1.196966278598010219e-01,3.066195494256601650e-02,-2.579426979816517029e-01
-6.447546160911443724e-01,-1.243224774145538003e+00,5.553414720201860222e-01,-6.868240295073543278e-01
1.177024595392891060e+00,5.848084331812289927e-01,6.262632938397195981e-02,1.070155422877806961e+00
7.274226609615539463e-01,1.406931618380564020e+00,-1.497774320809204029e+00,-1.180534216660348024e-01
8.173688088429127419e-01,1.463423655299525450e+00,4.673296324874690599e-01,-2.807020902760052561e+00
-1.098932178248864133e+00,6.678902139482992828e-01,-1.312821973365481121e+00,-6.351274797926819149e-01
1.159845590561389583e+00,-8.833267100908169800e-01,-5.634172303144265870e-01,-1.408478489661896482e+00
-3.270331781662262349e-01,-1.106952451356101541e+00,1.231394579148497037e+00,1.060946468821616362e+00
1.536156757499905989e+00,-9.672751128576615454e-01,1.005609221351353444e+00,1.657895562664168931e-01
6.841963248070243031e-01,1.232838559806492817e+00,-3.949059570663910335e-01,-7.247262754925525713e-04
7.281996122463080257e-01,-4.754202294107608973e-01,6.210226925583854918e-01,5.999603842730081293e-01
8.409732319000697842e-01,6.083580361144845794e-01,1.749013902666634035e-01,-1.308574951853621465e-02
-4.604145913289359876e-02,6.462960434113086683e-02,8.274269408423913230e-01,1.145949006316085983e+00
-1.176241130572519139e-01,7.489474774613543717e-01,9.378349898448206101e-01,4.464688628844686868e-01
-1.065233995668461775e+00,-2.698915006013575812e-01,5.593825838375842130e-01,-6.806741788333081633e-01
-1.710796463885271068e+00,-2.674862950516314064e-01,2.641434157680413009e+00,-8.207586986748259816e-01
1.695892139144365984e+00,4.861670476901457372e-01,-1.365719187587228323e+00,1.884467800499997625e-02
9.333395442582340107e-02,1.091867830632787806e+00,-1.035827042878798565e+00,8.375508356884214800e-01
-1.358573003324805795e+00,2.145910857739408151e+00,5.045607565503716918e-01,-6.441091179714615311e-01
9.202408165255727690e-01,5.957108450345875994e-01,1.092197033965059516e+00,-2.913556848213611494e-01
-5.266350998585824783e-01,1.170679186053232179e+00,-1.574763726004892783e+00,7.554569533849949670e-01
-1.514129109745443735e-01,-1.118442317439180433e+00,-1.427975573316031255e-01,1.805512379378093391e+00
4.419546655294575577e-01,1.076217923077164240e+00,-4.304067303885498741e-01,1.127315014077356903e+00
-1.205699422891460815e+00,-7.935092341235926439e-01,1.510047172949223526e+00,-2.475870656629345357e-01
-7.542905938658519549e-01,6.090282729235974024e-01,-8.597017251007637029e-01,-8.530063063662848277e-01
9.939084362574034104e-02,3.457467639643903301e-02,1.916892200621075126e+00,-3.897343068305553909e-02
-4.655460972282714910e-02,2.380987473080526495e+00,-4.859354818579991186e-01,4.044406925816176890e-01
-1.930439800397819317e-01,1.090284921722020281e-02,-3.798811381327561465e-01,-5.571228892558055534e-02
8.289400997416612737e-02,1.947922718561891642e-01,6.431916536161048636e-01,-3.146015117630654445e-01
-2.041239476279839427e-01,-1.544047027081093537e-01,-7.835591332775454498e-01,4.068700039109954258e-01
1.815020442492765840e+00,-4.088310653396796113e-01,1.411938534017967983e-01,-1.413316071882576352e+00
-5.367134750178547131e-01,7.679468560225145568e-01,-4.907879639793498172e-01,2.893195793122171344e-01
3.973831548771507016e-01,2.103928954818618191e+00,-2.383390379998491238e-01,1.125105786804064811e+00
-8.515629232762083056e-01,-1.812151678838322288e+00,1.075007556128223296e+00,-1.543388791637333168e-01
3.702899434137981172e-01,-3.042706182269297455e-01,3.920039946605722858e-01,8.360464475282750607e-01
3.872373274570888313e-01,1.285783695481640398e+00,3.820534142414914736e-01,-1.275289561400976268e+00
-1.350083831664264045e+00,8.519897383735421936e-01,-1.627755331740715350e-01,-7.738004026734351948e-01
-9.712143450916347343e-01,5.953848729882967872e-01,-1.622431535194479801e+00,1.062187184015949581e+00
-1.433095482590555303e+00,1.389733662145018034e+00,-5.913718178855743579e-01,1.157045011963361847e-01
6.271725471637732419e-01,1.778145820101912689e+00,-4.684293476517006893e-01,2.876302361657496753e-01
4.515570430887261844e-01,1.593429641734366298e+00,1.069181996857010652e+00,4.147629615255175595e-01
6.788482212480350109e-01,8.003720412366739367e-01,8.322148173440691021e-01,3.241598108921929788e-01
1.333544925795740355e+00,1.195095611595947460e+00,-1.241795593988515467e+00,1.104158842913943950e+00
-1.257829723459159332e+00,2.754083855853391993e-01,-3.384770676488991548e+00,-2.496645402392384805e-01
-9.468023282778914584e-01,1.497395225838854094e+00,-7.025925494318102649e-01,-9.674983704270802287e-02
1.200563791730817176e+00,-7.089673485790000118e-01,1.168844734785501771e+00,6.740920209134735330e-01
3.911387368626739747e-01,4.257893046692946548e-01,1.774424811753687048e-01,-1.717034708764878653e-02
-8.159920397064996944e-01,-6.857303404647295819e-01,-1.728093791092056630e+00,-2.017779449507641321e+00
-1.064843870113181712e+00,7.151993790316293897e-02,-4.561225125371961564e-01,5.944991275442880196e-01
-6.461496396667248954e-01,3.915876960409008789e-01,-2.067918236441544710e+00,3.923721786874238004e-01
-6.072087642715282563e-01,1.187947780759097682e+00,5.130512891715826029e-01,-1.263541289100518217e+00
1.581615370395512921e+00,8.454944677293360078e-01,1.167998998907639807e+00,2.649310941673984399e+00
1.923017170026191866e-02,-5.866023601155216927e-01,-1.380559129528893814e-01,-1.933426498013298245e+00
-7.019927481488124066e-01,2.785786492636517231e-01,-1.469023068194248660e+00,-7.646455183095013375e-01
2.334832284912810030e-01,-7.675703857393527674e-01,3.867952082886371712e-01,-3.232707909085584808e-01
1.066129295988886422e-01,2.613291692750694839e+00,-3.499732864578578018e-02,1.427937302006876186e+00
1.195637392514085517e+00,-1.105892349017578491e+00,3.902740640235830005e-01,1.997444940399095259e+00
1.920734276290597675e+00,8.291035988415949021e-01,-8.379911559200519111e-01,-1.343367295392261518e+00
-1.422793030884220933e+00,-1.826323368181892670e+00,-9.395359637922685581e-01,3.920099951545250039e-01
7.768921443648553193e-01,7.003675520250136621e-01,-2.493467968122989042e-01,-1.289645663757603922e+00
9.508310753585969000e-01,-1.629660405034264903e+00,6.318541187673748505e-01,1.146500390079372655e+00
-1.093663951732022133e+00,-5.542434207154159909e-01,1.370262448988427195e+00,3.599943640328618910e-01
8.987350926322791311e-01,-1.569559999252763127e-01,6.068801065480161627e-01,6.714072470689764760e-01
-1.775073000818419844e-01,5.389569169654719180e-04,-7.735263392034067431e-01,1.674396111275731347e-01
2.229394607587076027e-01,-2.636050917464055621e-01,3.743730983298947934e-01,1.447632331962832808e+00
7.509243529291337316e-02,-6.453400851226447077e-02,1.336092101881767746e+00,1.084133877932625278e+00
1.305481864997106278e+00,-1.162533183803733605e+00,3.593620486506872713e-01,-7.459525022376858328e-01
-6.694769908145717929e-01,-1.155249258721467331e+00,-1.352445755996683152e+00,1.422333809220652778e+00
1.733063964283127201e-01,-6.223582250581930486e-01,1.027933166159858969e+00,-2.053438270078385308e+00
-1.364134356782152668e+00,-1.577152282025436891e-01,2.371102201633525475e+00,-1.173025400280382380e+00
1.752000159101182175e-01,-5.145937052068685347e-01,5.124266559881127669e-01,2.149698877184663681e-01
6.488936344041447146e-01,-8.816480996855007302e-01,-1.811716894944191136e-01,1.481613738741489827e+00
6.259796108331399100e-01,1.919753802005708387e-01,-2.113252059318103004e+00,7.983417421590279783e-01
-6.964706442592889513e-01,-1.627811637073708573e+00,-3.497599823716030509e-01,2.374212913952003234e-01
-7.751341531808112473e-01,7.878925686817880303e-01,7.135347518591569904e-02,-1.392926437064088363e+00
2.902529826668163657e-02,1.386711222555801815e+00,2.461467409874764922e-01,-1.250205937678291024e+00
4.106536054912404143e-01,-8.902566613514099059e-01,6.430487237449197258e-01,1.286642251175808438e+00
-5.366775815825746143e-01,-1.366412608373042792e+00,-3.551092337858407499e-01,-7.562284920213383499e-01
3.755892543114784932e-01,-1.208391323951701679e+00,-6.009270427486123056e-01,-2.945928018441898999e-01
-3.244682686776728664e-01,-5.998249134767976720e-01,2.151411789338956382e+00,-1.798407054791555659e-01
-1.171628917373830792e+00,-5.983894603619454022e-01,1.046898730662929378e+00,-2.629327095203140008e-01
-7.670346288804620327e-01,-8.000443180317740044e-01,6.428205894079908056e-01,-1.665781384005826093e-01
1.047482795130674216e+00,-1.621124512012456886e+00,2.448170474623641846e-01,-3.277445532561389929e-01
-8.551195849575640162e-01,3.612939234705950797e-01,-9.481753185221026836e-01,1.032169293708710356e+00
-1.596695896328400033e-01,7.880321866242980811e-01,1.655418063801190331e-01,4.852444168580800077e-01
7.549450637703560840e-01,-2.352554317981811471e-02,-7.268947518508713790e-01,-2.226114748809890909e-01
7.976646091769908908e-01,-3.125453593032295196e-01,3.573422276836459299e-01,4.685738948713841778e-01
-1.939813659468051954e+00,-1.520908438823464159e+00,-2.598406348860280435e+00,-1.004942995636372460e+00
4.352354327511692156e-01,-5.612499417757284004e-01,-1.578331898582058912e+00,-9.884800688519281842e-01
1.132236062607201443e+00,3.823526342329792715e-01,-1.367911493240146381e+00,1.296932427728574089e+00
-1.022298036343028294e+00,3.943874310822869100e-01,-1.747094660640577057e+00,-1.315805318742645058e+00
7.447558164073582176e-01,8.541516574201253320e-01,-5.710349685099699313e-01,-5.121311445578008437e-01
5.504414563471246025e-01,-6.395243646594742648e-01,-1.144060003755255489e-01,6.171617175774736230e-01
-3.517615807817767171e-01,2.947761224386723500e-01,-2.947204993264715966e-01,-1.213729596017858015e+00
-3.920885012717122420e-01,-9.467977882913987120e-01,-1.365084590715405888e+00,7.699616775559714466e-01
3.455177339993995012e-01,-1.246332885368083065e+00,-1.386022375837492993e+00,-1.949057777951582526e+00
-1.078321413194058387e+00,1.754860354633527963e+00,-2.807556006761296463e-01,-5.444255003704783213e-01
-1.385376126098624150e+00,4.312646788644363682e-01,-4.155074495019469571e-01,8.534378263067043946e-01
-1.191088095387854429e-01,-1.395960711733408299e+00,-8.803854048041552804e-01,1.034186123364024601e+00
-2.988084927451297168e-01,1.899909058312594823e+00,-1.892688187170440406e+00,6.129544114762850437e-01
-2.961751030695049941e-02,1.657582556525523332e+00,1.552460889124192001e+00,-2.325545927113088218e-01
-6.147813322476163300e-01,-7.833228603214579255e-01,-1.404291798902097099e+00,-1.182172802401121325e+00
2.468014153113232134e-01,1.870419235576642691e+00,-2.039509672670479112e+00,1.347949445944839786e+00
-6.288080197299102947e-01,-1.439846400457391651e+00,1.000794424086991041e+00,1.932474597264271177e+00
9.078135523653690919e-01,-3.514305380112466293e-01,-5.393219146982911605e-01,-1.030286859924372633e+00
-1.762511122600546321e-01,-2.987758968105004853e-01,-4.887838753151239612e-01,1.461916683599356226e+00
2.338303433905229156e-01,3.197940411518438997e-01,1.300101491390756037e+00,5.328637823563977527e-01
4.421522030548727389e-01,-1.692941619947844201e+00,-5.954360271895474677e-01,-8.688882024860680175e-01
5.797882607753013229e-01,-2.458792517155318214e-01,-5.532400880170023072e-01,-6.503109472010984993e-01
-1.530743367233789343e+00,4.291837349647038558e-01,1.645200173859528769e+00,7.153005827415136464e-01
5.501137907924793513e-01,5.345707900575035199e-01,-6.963990251563569045e-02,1.827758149490607664e+00
-1.129132581369327815e+00,6.748858077634615205e-01,1.094687172531289443e+00,-4.906941075508349237e-01
-1.114017038582225227e+00,1.254776596274116418e+00,8.608164752318915314e-01,1.165892874417200908e-01
-3.477300072205777304e-01,4.030179074546362816e-01,2.244497706731703179e-01,4.949220520847054661e-01
-7.964445587958631778e-01,-2.550860273076103191e-01,2.409890434591258845e+00,7.493634946830575183e-01
8.193820431881103650e-01,-1.725267855025532704e+00,8.510426271881483817e-01,-6.145691487912892381e-02
-9.890420119276338573e-02,-2.948036924773074774e-01,1.024318995115873543e+00,-1.164537240316145389e-01
9.319482666123771741e-01,-6.205271581402042047e-01,-1.026558754538610563e+00,-9.918356212432632990e-01
-9.717316320579601208e-02,-1.455526874693539474e+00,-1.702639113877290278e+00,-1.469807402458979562e+00
-1.577187399549796698e+00,-1.379882125073966126e+00,-1.500037929844638684e-01,5.497994930513123713e-01
-1.276169466592265378e+00,6.618671934886193320e-01,-8.494129899819256035e-01,3.153948855575631871e+00
-4.487302233448591249e-01,-8.320943850461457458e-01,-1.172867557922648296e-01,5.402256743392186422e-01
2.814950280829172646e-01,-3.970360878508647495e-01,7.172351686185717279e-01,-6.495503987374425803e-01
-1.296627991169247540e+00,-1.122382046476342765e+00,1.021576121187091513e+00,1.940852664185252374e+00
-3.481497964470455231e-01,-2.023830585272886839e+00,6.117160955123913668e-01,-2.168167037424647281e-01
-9.163275858786383843e-01,-8.809742698282045925e-01,9.713651800413417581e-01,-1.363810679375466739e-01
-4.168589713759467408e-01,-4.640668457010798109e-01,-1.303906665593044245e-01,-1.146890977083548646e-01
2.125885332731829891e+00,3.502175650868451506e-01,1.060969026674548399e+00,-1.517042062261484636e+00
-7.713848445172454271e-01,-1.559437328026006542e+00,1.701048814026102640e+00,4.531771338291457063e-01
1.257958966081729857e+00,-1.330703378825629501e-01,-1.248671111114792565e+00,-1.775813965961484664e+00
8.398266119875277269e-01,-5.644771903473591035e-01,1.803626356697398458e+00,1.669412618365873069e+00
-1.557196412877661196e+00,1.547593638550480433e-01,1.144615207012182667e+00,-5.636739441072307066e-01
8.435775169304653431e-01,1.634767867734421287e+00,2.107705284274381807e-01,-2.066086038909560330e-01
-1.300809976037743620e+00,1.971184066046992589e-01,3.195922039205321141e-01,-9.454210696248837031e-01
-6.840882847877788331e-02,5.445430700851369155e-01,6.699861802647655296e-01,-1.127167796361773444e+00
-3.652959116019728336e-01,1.000913205110253390e+00,-5.733055882610749165e-01,-1.144589476043560011e-01
-3.011427786254281327e-02,4.379736605223999435e-01,8.160442546850515955e-01,2.374486083075400544e-01
-1.418985325429646283e+00,1.471101739421609267e+00,6.648510464498313954e-01,-4.590325441447177246e-01
-7.945342559774113411e-01,-7.904358029010875031e-01,-1.149202742774761976e+00,-1.408266441097985266e+00
1.884739220660357928e+00,1.435065124408913201e-03,5.208245660098252960e-01,-7.150020127377965107e-01
1.415731482195230928e+00,-1.562947620820652750e-01,-1.484613125297077785e+00,-4.991577292337855964e-01
-1.758149651678414749e+00,-6.753573015008430547e-01,2.911184922637568007e-01,9.885231809042612783e-01
-1.002947223027518264e+00,-1.597003995689172617e+00,5.306679895305537187e-01,3.440041003468188863e-01
-2.705692821151172156e-01,6.560947892682861271e-01,-6.721763778770967201e-01,-4.119397869375365090e-02
-1.656541282084680100e+00,1.328521103636781317e-02,-2.406902490117552307e-01,-1.771129658582051514e+00
5.619277776871709623e-02,7.103438816868834493e-01,9.067631761895198483e-01,-1.049544859026440236e+00
-8.465166313606027615e-02,-2.859642002389494245e-02,2.167204605852423249e+00,-4.260430384505156098e-01
9.481612224435992387e-02,1.368812672311444434e+00,-6.908434009904464990e-01,-3.170301574690587154e-01
-7.535767951964575939e-01,-1.527840773871630642e+00,-1.296801441603422145e+00,5.828502881729363816e-01
8.318462562711080865e-01,1.557429682320270903e+00,-8.715723451788655041e-01,5.095026356702200276e-01
-6.264572880068705052e-01,-9.305953920201996965e-01,2.268716993095483136e-01,8.050951205301301039e-01
-2.179559047667761984e+00,1.285781916650430512e+00,2.097283345009479660e+00,1.093129526103340021e+00
5.528701888282034904e-01,7.518724410703973016e-01,7.588949989217120828e-01,-1.532764958449826409e+00
4.498591431495869153e-01,-3.750895151283804574e-01,1.338810796440786266e+00,-2.996382029442569150e-01
3.238862987459117937e-01,-8.057867040116526436e-01,-1.388009006209789398e+00,1.539752425308110961e+00
-3.983112908673868691e-01,-2.690264504406928991e-01,2.219175815002638052e-01,-4.463489771530591010e-01
-2.164340129518914912e-01,5.035355152992803118e-01,-8.847093455744019508e-01,8.519047506134974634e-01
-3.100458505546363486e-01,-1.350691682546455719e-01,7.143852129095987769e-01,-5.615100286606895530e-01
5.393646775243429170e-01,2.016949312281161699e+00,-4.116532440150114658e-01,6.883136673009743189e-01
-4.116891836781082503e-01,1.526950045978548998e+00,1.787140134307365624e+00,2.705822222270613531e-01
-6.059328625851438943e-01,-2.655066509915256223e-02,4.268335893428473193e-01,2.361889867030061152e-01
4.133563980329350157e-02,1.867586046873107808e+00,-5.716456140381889761e-02,1.425323345530735919e+00
-1.364892417673138514e+00,-1.112041872748735116e+00,6.150238095575605302e-01,1.804043421279156956e+00
5.206668488434944564e-01,1.541433876951706083e-01,1.818927473124080096e-01,4.346713876485676642e-01
-1.084127792035482374e+00,7.606975676762907090e-01,-5.461163767697798654e-01,-7.547160474372931471e-01
-1.417961016515372485e-01,6.992267353507253258e-01,-2.928576571444288512e-01,-4.320159670233230664e-01
-8.063506304827108284e-01,-1.395674332525972394e+00,-8.149434082086788322e-01,5.400610085746198052e-01
6.723485130124488840e-02,-6.596765368776255078e-01,-3.745659702202497332e-01,9.909695488534002450e-02
-1.316372069759610852e+00,-2.329076593113783289e-01,7.294829178094563993e-01,1.428571944266559424e+00
3.006259043217148208e-01,6.258246970390275443e-01,5.932151580172914107e-01,-1.198857475169520681e+00
5.098094660402227030e-01,-6.723465471603661259e-01,-3.879098037809199373e-01,-4.850268962707902642e-01
7.633339808008390848e-02,4.019598371959620664e-01,7.683124964166703208e-01,1.234763063115235759e+00
1.660892683134025827e+00,1.287224417887402161e+00,-2.732365406064933833e-01,-2.344664061524857068e+00
-2.954879760825300239e-01,-1.602544106460587203e+00,-1.403165555667618802e+00,-1.148865885642174511e+00
-1.574116951944210641e+00,1.981010029985707244e-01,-1.155720460182152909e+00,1.087304583848071327e-02
-1.303358593491004580e+00,5.011646453545890445e-01,-1.459348085266081618e+00,1.598173018279213098e-01
-6.143619577622294603e-01,-7.347048840232752731e-01,-6.033452344123646505e-01,1.668637664806295939e+00
-5.512800025468319598e-01,-5.445054567762445119e-01,-5.321972274737017949e-01,-1.069770502938726775e+00
4.851522520108866865e-01,4.987647001282631831e-01,2.253961759111052121e+00,4.381492997187881322e-01
-1.098129062830791591e+00,-2.388837574906300387e-01,-1.785289312397935271e-02,4.462933155206238456e-01
-2.887141457324066796e+00,1.608283900240489617e+00,1.399004979457801001e+00,-1.131483699469295612e+00
1.210521501459123961e+00,-1.922144970879960502e+00,-2.161995313455850276e+00,1.170547638632740473e+00
-9.316094699095703868e-01,1.614684791527896568e+00,1.291844823824702115e-01,-1.857682843321429578e-01
1.852057328189785634e+00,-8.647985755465529278e-01,6.594012971617428942e-01,3.297509698558984681e-01
-9.459236366718422051e-01,-3.345424531085932629e-01,8.846634993017116200e-01,-5.759450615415675490e-01
-3.890157142420377911e-01,-6.876483988081228960e-01,-4.468604903945406215e-01,-1.626370013441660101e+00
-1.463403313211285806e+00,4.541040220011302586e-01,-2.044786356579193498e+00,-2.942545115360251096e-01
-1.395010065202670457e+00,9.555950649092664895e-01,-7.357530303385600989e-01,-1.317273394689823629e+00
1.309087086921214560e+00,1.187579369983531752e+00,2.836459245136641397e-03,9.373662147265164890e-01
9.781663235717704685e-01,9.679515088657145716e-01,-3.104812189779739690e-02,-1.023092058895825884e+00
7.158526801837638009e-01,-3.260429328895547152e-01,-2.581363793647168531e-03,-7.625705913473652675e-01
-8.533532695180603422e-01,-1.408074996648306654e-01,8.588800875548645575e-01,-5.456155029355771457e-01
-7.606538965676903907e-02,-9.661169614123562566e-01,-6.222338547984780366e-01,-1.054175364751985672e-01
1.137221359217925665e+00,-1.202400576700975110e+00,1.757556025952873968e+00,-5.624730841771339307e-01
-6.067064641988959561e-01,1.139199178407519053e+00,-8.794897953687662584e-01,4.714723409348116623e-01
-7.198586059838913975e-01,-6.880691080855176889e-01,3.856302576878761768e-01,7.309014314956093772e-01
-1.171745791196530107e+00,-2.604525933702944718e-01,4.743903176509315367e-01,1.518173909884730222e+00
8.037471626843684103e-01,-7.036078160740945053e-01,1.009290296368920738e-02,-6.824854500340535868e-01
2.587459134867858168e+00,-1.104893514468373361e+00,-1.002511792603126617e+00,-1.043414350390557077e+00
8.175297817307127790e-01,-1.871892197834617910e+00,8.828307733380669209e-01,-1.215112276738440356e+00
-1.846116366766507519e-02,8.576086830077259693e-01,-1.149447843632663391e+00,-5.481401750421178720e-01
-1.782249874839963777e+00,3.528708991669733397e-01,-3.309600462006467292e-01,4.951425541107496581e-02
-2.538004940763943784e-01,1.384964902051574409e+00,2.671472781788195583e-01,6.079542555851403796e-01
1.747705170226539206e-01,-7.049559993379107825e-02,-5.493699824160894751e-01,-3.384440881041818061e-01
1.382791748322590997e-01,3.123150311639630861e-01,3.510662287769089618e-01,-3.887888940521131431e-01
7.519609408242523829e-02,-1.305380667620548607e+00,-2.280059541566282100e+00,1.255005311344247643e+00
-5.907857081778832287e-01,-1.001157325344226301e+00,1.135438969139078713e+00,-2.661359292857221059e-01
-9.090898384743201222e-01,8.970916389228439369e-01,1.924432515802156074e-01,-1.802123215165276404e+00
-1.354538236168585152e+00,4.957010719271214283e-01,1.127448352356535510e+00,3.777943888122021754e-01
-6.585175129842435471e-02,-7.898097049490535593e-01,-1.928282187474135601e+00,-1.761116450101805508e+00
1.224826804855935064e-01,3.337675761427465471e-01,4.017016345640467972e-02,5.424754080661622346e-01
-8.509539944704678227e-01,5.544687644832800855e-01,-2.446472708724405781e-02,-1.271487070894348870e+00
1.401244142650266644e+00,4.184389413519366829e-02,-8.883956284532693592e-01,-1.267525348012891184e-01
2.243752284013840193e+00,4.477222423720396693e-01,-1.514938560039856552e-01,1.011662326279350932e+00
-8.681658089920626376e-01,3.183834682531781479e-01,1.259042032744528694e-01,1.072579569482780437e+00
-5.431298612897056399e-01,4.833128884294358302e-02,8.604447214784042286e-01,2.590451634775399747e-01
4.572478157006309302e-02,-5.573099584146132823e-01,4.887573722384138120e-01,-1.731151301267656706e+00
-7.488702220327339010e-01,4.358615013372541536e-01,-7.730340749615671747e-01,1.360389965577301741e+00
-5.626224925923667408e-02,8.112268886846879523e-02,1.281609410281786987e+00,-3.790078523005070421e-01
-1.190473534603739170e+00,-8.083988445068533979e-01,-1.630421007307394810e+00,1.437881726728949261e-01
-1.655903853329825370e+00,4.050182551909943529e-02,-1.933674990658521831e-01,-5.055242661625070077e-01
1.140363922280360764e+00,-3.342668242850951321e-01,7.984543396122933956e-01,-7.919456060366591998e-01
6.412178349028809787e-01,-1.134503939003525197e+00,6.856475308431720928e-01,-2.829960976493569036e-01
-1.483612159816678711e+00,3.013864484995614768e-01,9.401846292821476325e-01,2.997696750618862871e-01
1.497384247928628120e+00,8.901097588830114704e-01,-9.189983755873195603e-01,1.434135181853956886e-01
-7.735871862392140752e-01,9.686060354818013529e-01,-5.702985053706134400e-01,-1.095440963294349368e+00
-2.512997587792007437e-01,-1.295294566424764593e+00,-2.738275519978929373e-01,-1.023327113500551055e+00
-5.362314222516452178e-01,3.455802052628018095e-02,-5.458343711563117262e-01,1.674957077648730808e+00
-4.796944436920919097e-01,1.724951464996974174e-02,-1.072929916698944774e+00,7.684451529666302960e-01
-2.337918033674211138e+00,-8.862630405208641315e-01,1.359288927767264399e+00,9.734171769885221481e-01
-1.694300240895659115e+00,2.712086792831219784e-01,-2.332781327687480477e+00,-6.894896532242857923e-01
9.927015019319105349e-01,9.857734938744514563e-01,-6.419808579240586788e-01,-8.894367264101639137e-01
-1.094400811966071974e+00,1.255800496469643424e+00,-1.048282162335436307e-01,7.781172732653072188e-01
-6.600722065319308829e-01,1.154618249962891641e+00,-2.778912555389693659e-02,7.528104410896157006e-01
-4.925064734895028273e-01,-8.022676070103558210e-01,-1.582443668054388519e+00,-3.498582247628908570e-01
-4.553183397745264593e-01,-2.682146001849042838e-01,-3.628963940893069617e-01,1.721425861406377933e-01
1.132634098166857228e+00,-1.283708812946156463e+00,1.057415097301624529e+00,-1.301117155389620028e-01
-4.894769161057505591e-01,-1.173295612064497728e+00,-1.616962371527868703e+00,2.384735898173135915e-01
6.837899025523289653e-01,-4.802152571624176969e-01,8.049549490957693676e-01,3.613056647356150397e-01
-9.924972134611773633e-01,-3.267729920508716940e-02,-1.178839246343844627e+00,-2.454640597336958663e-02
-1.153045571833945238e-02,7.750068532228364671e-01,1.644699759222918445e+00,7.114966718261865608e-02
2.473117532684211139e-01,1.364691249137627016e-01,-1.382284000164871740e-01,-5.836700474824303014e-02
-7.268322013312630281e-01,1.387597617467115629e+00,1.563265986852556466e+00,1.901092591309252455e-01
-8.099117842174822224e-01,-1.398481337942567126e+00,-1.949102957824014881e+00,9.924620025508406052e-01
5.841625896870609180e-01,-1.455399326169254104e-01,-1.777167765629743990e+00,2.068540758230843046e+00
-1.439703489368828082e+00,-2.062604502446105492e+00,-6.559465684591050394e-01,7.959397531575219675e-01
7.516218384811812481e-01,-9.485799030769755946e-01,-5.085261646228867068e-03,-1.396078228316753322e-01
1.511169246949520373e+00,-9.400677374407956366e-01,2.346027660958051708e+00,4.758073784338306411e-01
7.500061735565811960e-02,1.048039926193616633e+00,1.440918591732070375e+00,4.254482223537064400e-01
-6.097712626841115258e-01,6.193449948867504329e-01,4.955621637395521417e-01,7.438491145695412810e-01
-4.792198888227699460e-01,-8.456684542257315584e-01,1.430591766931199826e+00,-9.342454311604346806e-01
-1.110611552624940046e+00,-6.864173979483679799e-01,5.530623259115275969e-01,5.530154151365792581e-01
8.719898333024975745e-01,-4.606724081168537821e-01,4.359747639017099718e-01,-5.170172681853238972e-01
9.419558055926361417e-01,5.183033904780834922e-01,9.455825557447818941e-01,1.162517553646637891e+00
3.185021109633437986e-01,6.073288803009525560e-01,1.746790624040776008e-01,-4.622646496518377779e-01
1.301825748834441132e+00,-9.398409742857352644e-02,1.277224283379537306e+00,3.881193714148041818e-01
-2.590657359264948667e+00,1.272200303338945293e+00,-1.157054040359017710e+00,1.118879726735899222e-01
-9.290267953123754197e-01,4.728688275427354037e-01,9.369684909949482776e-02,8.696752140275102461e-01
1.260892246750143775e+00,5.132899425558210549e-01,1.337763162334735911e+00,-3.835236830601086999e-01
-1.346501994308423988e+00,-1.244730478458533351e+00,-1.121213784958131621e+00,4.869613482999783916e-01
-2.058470478068874954e+00,1.288711211013406244e+00,1.065682158995879536e-01,-2.858760120276599426e-01
9.727676283698880599e-01,-2.290664891555625748e-01,1.426395913418209371e+00,-1.100508091921420073e+00
1.232737012656765288e-02,7.845032159394231819e-01,-4.831870006946663576e-01,1.295695436025218195e+00
1.637319953258124405e+00,9.856248587002170991e-01,1.195537708166486190e+00,-8.511074115091947778e-01
4.857838176782761641e-01,-4.688100008796148299e-01,6.844526281733692707e-01,9.549458320321753124e-01
-1.383799965039971713e+00,-6.073159625996837896e-01,5.100937587385195870e-01,3.171658803736530086e-01
-6.614053040843035358e-01,1.827271262662609752e+00,9.336181472067609649e-03,1.803830628261183788e-01
-8.900190722738875460e-01,3.204445652159681468e-01,-1.114750738133838182e+00,-9.642229616169196993e-02
-2.705747256776258047e-01,-8.885212282346512461e-03,-4.731146829020285716e-02,2.102752679884435927e-01
1.225849261989738981e+00,-6.102324580026958767e-01,-4.143278077594895192e-01,1.410722055003124753e+00
8.356373791686335650e-01,5.698523786550748760e-01,7.618587090125103489e-02,7.136454890045411670e-01
8.035029728868869903e-01,1.238781214732410652e+00,-2.459318754210886582e-01,7.848317712381653877e-01
3.021436399457831934e-01,-2.459564179324448818e-01,-7.890810707883386677e-01,-9.323904753086327268e-01
-1.414633474980164340e+00,-3.568686121116611543e-01,1.316103048867960590e+00,1.227862311374175730e-01
1.246231685216441301e-02,2.261757357284354952e-01,-7.830710236817970404e-01,-6.096621695654901307e-01
-7.717474733677333054e-01,-2.244904968064530326e+00,-1.481047195689697560e-01,3.574583917785022491e-01
-1.002679525097404101e+00,2.695155725195452767e-01,-9.743368715406611758e-01,-4.579439355006199031e-01
-7.562684510459184439e-01,1.311176495818624499e+00,-7.640458293610353779e-01,-1.725935472539908311e+00
2.222602985691225774e-01,-1.128467952527789864e+00,-6.580532138142918264e-01,-1.068723782561936453e+00
4.933427807247374730e-01,-8.985895576648508243e-01,-8.855455143313871458e-02,-1.549761841013320707e-01
-6.345737808900298038e-01,1.173060451241356272e+00,7.918544814272966414e-01,-9.440463033589630015e-02
-1.306203930726529405e+00,-1.159795623487045013e+00,2.571881972667487970e-01,-7.752302315351946582e-01
1.989988773655633481e-01,-6.850479817003334304e-01,-2.985193385775654074e-01,-5.030938542120222401e-01
1.980467139686823641e+00,-7.546515310551688005e-01,-7.422273234728803404e-01,1.007431536808124584e+00
1.475320406579542665e+00,6.956294732981858908e-02,-3.936739844102238872e-01,-2.247577656200577589e+00
-1.938676458348944642e+00,1.607030140690701936e+00,2.616672233617805543e-01,2.042809039876713140e+00
1.496139678503996873e+00,6.836564000472350466e-01,1.367326563933510375e+00,-5.293283255050615921e-01
-1.968440832122813622e-01,-7.607040819212712579e-01,5.901057523131884863e-02,-1.192089482490733765e+00
1.601946078830575604e-01,-2.258342728745157402e-01,-1.588771132239438666e+00,-9.276648055732622522e-01
4.157928871829533191e-01,1.522186106572751330e+00,-1.248185320977853507e+00,3.374999390803884447e-01
-6.047130524497071336e-02,-1.617855871526570954e+00,3.111429799756474379e-01,-6.891627710070169499e-02
8.966453451631208882e-01,7.317686549800945794e-01,-3.146246771643244067e-01,-1.788494765112763063e-01
-1.923438765525242067e+00,-4.104499479483848523e-01,6.659134757893578893e-01,-1.434026182373834279e-01
-7.224912467452376807e-01,2.066092729129265226e-01,8.590841813108917036e-01,-4.097775662024604748e-01
1.646319662260405714e+00,-2.432474024658528786e-02,2.815315159563889363e-02,3.389138913926075802e-01
1.249640174074039267e+00,-4.632159526531978710e-01,5.339598915257339762e-01,1.246456719469191787e+00
-9.267992112094083357e-01,6.485157499108058499e-01,1.837081338307739786e+00,-5.823957921433260687e-02
-1.180187461632282941e+00,-9.394642635886231163e-01,-3.225395920122821614e-01,1.790236066650030322e+00
-1.103094568531055126e-03,5.355528764401534803e-01,2.636738412637177481e-02,-1.674706959266053508e+00
1.389684301753745244e+00,6.719757463416257126e-01,-1.224821850536957246e+00,1.040372010666939850e+00
5.607880361825396953e-01,4.368654522354427361e-02,1.210908990937409557e+00,2.292332084865479569e+00
1.939356139350034480e+00,-5.406382080219038766e-01,-1.399595993818843476e-01,-4.268150667569955425e-01
-1.811854339011138348e+00,-1.408802000741663285e+00,2.002231845362425044e+00,3.179235849312515572e-01
-1.958841010533312332e-01,2.063423724106536739e+00,-2.208332193183923042e+00,1.327541422627514622e+00
4.795319968573152902e-02,9.601372547096400645e-01,1.135287391366877952e+00,1.791845663331918526e-01
-4.924617753698549150e-01,9.970361844990734967e-01,1.009953002107548264e-01,-1.956497814196884955e+00
3.756218684967488897e-01,-4.965014314122990768e-01,-3.892702042688782615e-01,-2.421048011895469976e-01
5.507406579776538136e-01,-5.227295294271555592e-01,-8.363858831933199678e-01,5.107303561449903773e-02
8.349679594761499901e-02,8.064030106059280056e-01,1.167502956789677970e+00,-2.020477317320323873e-02
7.529384008896363722e-01,2.563290289381570997e+00,-2.019802098400886425e+00,2.227861500838239084e-01
-7.231502698972258614e-01,7.800354092081379642e-01,7.258746782825467037e-01,1.705547578859851754e+00
1.521900427830196190e-01,-4.611610237574666482e-01,-7.586917986056562757e-01,2.866138036682302492e-01
2.404101995984833096e+00,1.466136799281212211e+00,5.062414555545268618e-02,1.958911638397700106e+00
-8.650027130155389932e-01,4.212926446689169713e-01,-5.471599551427971386e-01,3.028594442064372894e-01
3.355218739856381804e-02,-1.353707659980934785e+00,7.653565984503135633e-01,-7.934859980640038835e-01
1.740671123557893774e+00,5.373941896255235440e-01,1.743532030740748140e-01,-2.778834957500627145e-01
-1.075903302960239616e+00,-1.750835739004362068e+00,4.559106198391904563e-01,1.217233211679002031e-01
-6.482715420039794063e-01,-9.915892756367838956e-01,-1.996742893762592230e-01,2.400135799850446894e-01
-1.196941760090555862e+00,5.751215811398086020e-01,-1.136499325424566331e+00,6.095682965866106029e-01
-5.916480371903985042e-02,-1.058896358882611910e+00,1.764732935283580106e+00,-1.348946178193518031e-01
-6.945521696540690737e-02,2.352516277000648581e-01,-1.360037976052504982e+00,6.228313470910891159e-01
-6.719335192206254970e-01,-5.283938896297435406e-01,-4.689021271308115302e-01,-5.814661356585173468e-01
1.609097103306937449e+00,4.224797948157498206e-01,-5.627485728773774509e-01,6.914761775435285251e-01
-2.419940709018684633e+00,-1.505117191842532565e+00,1.072206345306748743e+00,1.664322179877809393e+00
5.935598215866116911e-01,7.232041646502236354e-01,3.990847749018648916e-01,-1.037392777563368007e+00
-8.922379440133750839e-01,-3.723712784284652355e-02,-3.389088768324263201e-01,-8.943037535863336551e-02
-5.655032213442281464e-01,1.586700758245702003e+00,-1.203805862196710708e+00,3.278002559348070499e-01
-1.008677689018525836e+00,3.506929631524630109e-01,-1.241035870012914932e+00,1.954263439120337287e-01
4.310370077801858879e-02,-1.551802796597755218e+00,-3.792902702587526709e-01,-1.805482179142428256e+00
6.220411314822043014e-01,2.830388708491055616e-01,1.888290217054416562e-02,3.976301559614085490e-01
-2.277694311051427167e+00,6.421900785034048154e-01,4.752189132434206376e-01,6.326402002032730509e-01
-1.540564114923298922e+00,7.640171857751889561e-01,-9.836460475955550731e-01,1.134100809639670970e+00
5.627101926522390940e-01,1.430078734911130134e+00,6.793944671274169123e-01,-2.353965000006334574e+00
-1.000157486844273524e+00,-1.230215265624940435e-01,-8.818570438470757500e-01,-1.402259428622300019e+00
-9.198958165277815180e-01,-2.028926015122574533e+00,-2.681108136739502878e-01,7.372988293089297596e-01
-4.900820712202895169e-01,-1.858586862844702758e-01,6.256662185572859913e-01,1.019894350444828512e-01
3.847037484881857261e-01,1.258936976346644698e+00,-3.600450823892967778e-01,-1.317152828397903042e+00
-1.183588418101786610e+00,-1.260874874738467932e+00,-1.517985090326866127e+00,3.628267710127826562e-01
-1.137267188250107086e+00,1.222463354239108346e+00,-2.568128163280182230e-01,-3.321048825328176135e-01
8.295504620103166804e-01,7.924575017914315955e-01,1.812953006271514456e+00,-5.549564185577241654e-02
-1.089407236919303079e+00,-1.328253739343352224e+00,-9.202381466998842130e-02,-5.440518869301977922e-01
-9.375398486349080240e-01,1.966794702021623431e+00,2.625211897910496583e-01,-2.560980257911387170e-01
6.204833733360010789e-02,8.811196511234540285e-01,-1.108806480551126405e+00,1.350709937045905473e+00
2.059333039457913461e+00,1.593894683832115300e+00,7.384424271136035278e-01,-2.403989915804747857e-01
8.201515787277348091e-01,-7.138808973637749133e-01,2.514085571364320093e-01,9.196570074319131427e-01
-1.930217539765519463e+00,1.038798395853140627e-01,4.237640318984162713e-01,-1.025184985602897614e+00
-4.442477331466660462e-01,-1.012194178894596508e-01,8.396546474568452600e-01,1.723570575881621658e-01
2.313370886741042742e+00,-1.265903288572711061e+00,1.390260705252354567e+00,2.759547886738092703e+00
-7.730962431745435071e-01,4.185738352611252377e-01,-4.061784357266723378e-01,-1.854353200854596873e+00
8.363789208510267192e-01,-1.068572331301088418e+00,-9.160837791638152261e-01,4.967650133853364069e-01
-3.065132785557274642e-01,-2.437883860121399793e-01,-9.377923812557079630e-01,-4.342800852679359336e-01
-1.018927430839879772e-01,2.755337569714802481e-01,3.483536243111591268e-01,-3.750330842688208155e-01
-5.358668929646510648e-01,-9.029444086869033159e-02,-1.808105212203679757e-01,-1.577549420225868415e+00
1.272743276258403000e+00,2.431980939245618201e-01,8.781688004346487331e-01,6.001935853961823941e-01
2.925070683965558249e-01,1.392712346942567070e+00,-2.661782649600440975e-01,-1.023952286038102566e-01
-1.192828270154870030e+00,-6.022758588533162483e-01,-7.123560144787126625e-01,-6.927825391608286587e-01
-7.451931089530708929e-01,1.273020143399864912e+00,5.340050087311342120e-01,1.142634378333600154e+00
1.738858527292995060e+00,-1.132440937835557326e+00,6.603963749427890217e-01,-3.693505066966883965e-01
3.660410098016673164e-01,7.525069265215350578e-01,-1.100441716983724172e+00,-5.322254194730089427e-01
-1.720081861767665643e+00,9.494460409164516557e-02,-6.472328027077993706e-01,-1.515841194620188404e+00
4.269929933028371871e-01,-2.145175336326614168e+00,-5.522207184110984324e-01,-6.704957668929354409e-01
-9.868447533690409557e-02,-9.742705948925448611e-01,2.876255810047913530e-01,-3.210343524870034604e-01
-1.099482247540231272e+00,-1.300636874799103282e+00,1.088601993309610938e+00,-1.020502629562529018e+00
-1.218098673882594518e+00,-7.324570293596253112e-01,1.030184666700454832e+00,1.964258622358836748e+00
1.607079567206298742e-01,-2.615879089592644813e-01,-7.814139079182415015e-01,1.785110700785612903e-01
-1.688811547862038021e-01,-7.666432618558890466e-01,-1.759403861751211329e+00,5.471047879131846203e-01
2.421626142855098696e+00,-1.412511908759898072e-01,-1.026355832798115486e+00,-1.455380370547751268e+00
6.067282658686719010e-01,4.808908865331577021e-01,-7.728154487400421546e-01,9.823362292875073565e-02
-7.116377840158967238e-01,8.356790811763277205e-01,-8.425498828275270746e-01,1.051507417431810421e+00
-2.404777674912444707e-01,-1.136547882367610729e+00,1.413449077685671185e+00,-8.970805490311321018e-01
-8.729223415709823630e-01,7.096016736003073477e-01,1.528128774035499182e+00,-1.141180311141158255e+00
1.211601342228492140e-01,-1.446685512747003077e+00,-2.857428883647585849e-01,1.983697818880862718e+00
3.723773742198656089e-01,-5.752262767230974516e-01,-2.868573022148710461e-01,1.271121916657455220e+00
-6.108081231721912419e-01,-7.922976243182695555e-01,-3.877951831549463213e-01,-1.020341580431875839e+00
-9.962005375285062359e-01,2.296309512020375254e-01,7.194296897837916260e-01,-1.019202624162240722e+00
1.007998618705239213e+00,1.032278223738420264e+00,1.086981259374349085e+00,-1.750816296744642231e-01
4.776601568615738702e-01,6.830720377143915112e-01,-5.212817513961710558e-01,-5.228598332416873884e-01
-9.645357291432128388e-01,1.542422544646214755e+00,4.397082208618070531e-01,1.554533738126667952e+00
-1.023687970597350949e+00,-2.385217114531975380e+00,1.383817814250906775e+00,-1.249656970317401417e+00
8.010783873554970791e-01,1.084754661472012716e+00,2.635455375938515199e-01,-1.102337101246730677e+00
1.288982960516186882e+00,2.824041887199396986e-02,5.043272816635220313e-01,6.105344193375322054e-02
1.073664287761094238e+00,6.979036853884748037e-01,-1.185911445178349899e+00,-1.488210774267813008e+00
8.197073902124356604e-01,-1.499092719277294927e+00,-5.521147159328402276e-01,9.780812376335175085e-01
-1.239763827194643397e+00,1.070484613287843390e+00,9.209563644599148002e-01,6.367388062870129595e-01
-1.287656790667424112e+00,3.149265378995523834e-01,1.355710400784344571e+00,-5.365855005234071440e-01
-1.131495897255550664e+00,9.578197420493512748e-01,4.477288770145068098e-01,6.661487651716021530e-01
1.063899959345853130e+00,-9.801605564809011406e-02,1.716959852146908050e+00,1.300071220755476542e+00
2.877820028685020293e-01,-3.756531716071855320e-01,2.214869926667032557e-02,1.048624600708802257e+00
1.077150398126671016e+00,2.131988128047963560e+00,-2.167873709324994735e-01,1.296726979805604252e+00
-6.321052465825137689e-01,-7.114844040973020700e-01,-7.716934036854058432e-01,1.893652820075991006e+00
6.412119225159465530e-02,-2.922199553535348215e+00,-1.182590778110640256e-01,5.134495201299283940e-01
3.424333306385757281e-01,2.883632974217617551e-01,-9.472397310438612772e-01,-1.016949125642528262e+00
2.811540454803453049e+00,9.883753932585007118e-02,-1.582103236407147673e+00,9.111458645943224521e-01
3.360342055030768240e-03,8.003066023591189904e-01,9.909795071898670760e-02,-9.725715591469966670e-01
-1.148854548920754004e+00,4.760775536855985091e-01,6.944996892667003596e-01,1.884587235028045149e-01
-8.524030970200924262e-01,-8.709331346686705055e-01,-4.929224713278072822e-02,-6.648031845045088151e-01
-1.557392777415238072e+00,-3.717499018842111425e-01,1.245753262598240652e-01,4.310961777449233145e-01
-8.333472658367533370e-01,-7.335187806279844791e-01,3.358983593134855727e+00,-2.671936305773038867e-01
-3.769754548020635698e-01,6.606461407063316527e-01,1.634613958591835337e+00,-2.422919017801031527e-01
1.612977328111154574e+00,-7.683002816123302159e-01,-2.873563154211007942e-01,-2.265907755685751535e-01
-1.713446896934154029e-01,4.427245006277088502e-01,6.452258187773988185e-01,-1.183793842118133904e-01
1.683818428741390705e-01,6.396104175045062012e-01,1.032028580550498065e+00,-1.057999773227634721e+00
9.086052505228904286e-01,-4.131468666558664737e-01,-9.442982265688745769e-02,2.478471273099793482e-01
-7.642421871595922456e-01,-1.679956813692315087e+00,-5.893854780722321829e-01,-4.552406826049906763e-01
-7.439174063028820560e-01,-1.658234153349560647e-01,7.056742600286594058e-01,-9.514021018426921383e-02
-6.937066471653532407e-01,-2.086432359312588303e-01,1.747917602650529353e-02,-5.966668955018097215e-03
2.035310453973745437e-01,-1.482002268249361654e+00,-8.957259733301392579e-02,5.469445546026779903e-01
1.406698093239822756e+00,1.580628863324412547e+00,1.366567456275351866e-01,3.405311435028506029e-02
-6.011010119051766187e-01,2.107951178978954565e-01,9.456308097117330780e-01,-6.475960752070244464e-01
3.706942385983521548e-01,-5.475981637103694011e-01,-8.756230579070712894e-01,5.567336941804781336e-01
5.729497778176700917e-02,3.929430474565872577e-01,1.500745252803596275e+00,-2.458165694480375085e-01
-4.063883306986778576e-01,-3.520267070578763646e-01,8.287933788934374046e-01,-1.203441089895259442e+00
9.170849739408380719e-02,-6.367066735877889849e-01,1.217420753476070372e+00,-1.820469065817603427e-01
6.985825507207569229e-01,6.547972193964803900e-01,-1.076835168579540980e+00,-1.091570038829109274e-01
-5.559109628402393588e-02,1.007101684734236891e+00,1.756818095081107645e+00,-1.547837133552454558e+00
2.053328114745417432e-02,-2.808891472311554893e-01,-1.071677915910571460e-01,-2.698266304807242388e+00
7.690097393579810037e-01,6.466454422839761351e-01,1.254734272896536502e-02,-1.122733445049783008e+00
4.200635944437041691e-01,1.010147270929772523e+00,-3.637387940228837269e-01,8.389425122444192917e-01
9.102479987363948366e-02,-1.134799050245482999e+00,-3.850690055258219613e-01,-2.449659333121432525e-01
-9.411006478157564192e-01,-2.982545097576669857e-01,-3.130362565982314910e-02,8.708682655205438050e-02
-3.486068229214362435e-01,-7.773275109218289458e-01,-1.335805074356940736e+00,3.960184891254254214e-01
-1.714626421165483805e+00,-1.843680115716037904e-01,1.141195924111089610e+00,7.763142556518602966e-01
-7.668381205038408144e-01,4.696186277995287317e-01,-2.903630848217427229e-01,-2.004088887059820578e+00
-2.001565852986128269e-01,7.000510211040398278e-01,-2.526808899624485072e+00,6.368116325837450686e-01
1.296409309199887838e+00,5.860866426330827578e-02,-1.610599015287559777e+00,-9.325664603512043849e-01
1.562022207526940099e+00,-9.709614232315711968e-01,-2.276799125898972820e-01,-3.097967055286845461e-01
-7.194828386234624062e-01,-2.382893552563287165e-01,4.416062610084310891e-01,-6.899796553504090602e-01
-6.044770517998221404e-01,2.273680697995818234e-01,1.962188043048945785e-01,6.738998567836179676e-01
2.512388122083286213e+00,-1.112625960176681250e+00,-1.417797387765966421e+00,-1.879008057004501575e+00
5.783777347433844973e-01,-3.513163016047115561e-01,-4.828641384904011624e-01,-7.339641754860197764e-01
-8.966413048554476850e-01,7.674508375031505736e-01,-3.982472755527232677e-01,1.772648288921825577e+00
-1.664862353630029768e+00,-1.011070664653159965e-02,-1.118448788469772248e+00,-7.820891589431052671e-01
3.631218071497871458e-01,1.789144252860074349e-02,-2.408595476606895325e+00,4.901859203099203643e-01
-7.363785010393423258e-01,-1.498322948641572117e+00,-1.781323140542856731e-01,-9.018748986597850681e-02
-2.159689836685261544e-01,1.868162757320404321e-01,-7.698040564447572454e-01,1.390761576208326446e-02
9.370051001547667902e-01,2.906172139500963758e-01,1.125442817818451680e+00,5.255054676177250972e-01
4.680160402859936952e-02,5.129524684248810695e-01,-8.170869087776262696e-02,-6.335306366581931747e-02
-1.860544055328039181e-01,1.713310085561019935e+00,4.294016072265878781e-01,5.271553617637119160e-01
9.715050308763743814e-02,1.009815445814778112e+00,-6.812343872851069904e-01,-8.545136714814270951e-01
-4.406290793679172868e-01,-1.373001853840771114e+00,5.737449172714783607e-01,1.114390889712947308e+00
1.054582359026339233e+00,9.199131566202686794e-02,-5.918991520536112105e-01,-1.014158765647289684e+00
-5.211361781442365171e-01,1.199668953227565282e+00,-4.332949236958748562e-01,1.738475003790485474e+00
-5.583786673804247425e-01,-1.421683359402264646e+00,9.144358249086786961e-01,1.296790341316172324e+00
1.135850157786553183e+00,-9.589383528246716581e-01,4.493418047577766306e-01,-5.157240005778912506e-01
-1.326458681521677230e+00,1.147741211724597095e-02,-1.353301724910630277e+00,1.375113559085338333e-01
-1.031020679023709752e+00,-1.375867440758914206e+00,7.190469127322407505e-01,1.741231050827232396e+00
1.719017729447895881e+00,9.925650862234807192e-01,1.890454168700432369e+00,-1.466297205545792126e+00
-1.342584193464761766e+00,-1.233676028406628378e+00,-4.881497258059806776e-02,6.269259551934932562e-01
6.817318205639388840e-02,2.287388826760891614e-01,3.477640109414501524e+00,-4.230629315308049865e-01
-9.192487114821423777e-01,4.364589502047250269e-01,1.602552161578411738e+00,-6.757390725463514602e-01
-6.460475862643928480e-01,7.672630442574993603e-01,-2.053026366364743283e-01,7.692363359850959981e-01
2.428413001949271344e+00,2.710424646023004147e-01,7.347118094794110599e-01,-1.457135383155049091e+00
6.351053240959689816e-01,3.183098301636658078e+00,-1.177737524095285732e-01,7.616950788164433828e-01
-2.215493597167980944e-01,1.286422003555778071e+00,1.268394065152046724e-01,-2.080847345535229653e+00
4.202659138998319777e-01,1.328307462691155516e+00,3.267740214869229165e-01,-6.104856456811001975e-01
-1.679877710190502693e-01,2.717298710919594518e-01,-9.558642477891137190e-01,-3.032738095400205669e+00
-1.867778778874453205e-01,1.471746117165763534e+00,-1.675586618659300253e+00,-9.649000824431229750e-01
-2.914127848976310053e-01,5.575250588649801609e-01,1.504061311364965681e+00,2.040171988310717222e+00
-9.069612477886961344e-01,-4.567188060054804266e-01,-3.822017734720034032e-01,-1.185711608336901035e+00
